,Job Name,Size,Media Name,Copy,Total Print Time,Material Width (in),Print Width (in),Esitmated Material Length (in),Material Area (in),Extra for Lead in,Print Length (in),Print Area (in),Cyan:,Magenta:,Yellow:,Black:,Light Magenta:,Light Cyan:,Light Black,Sum of Ink,Ink CC sq ft,Material Type,Post Processing,Print Job Type,Material Waste,Above Waste Allowance
0,Axes Physical Therapy Emerson Building Inserts 11 5 24_RUB36.eps,6426294.0,Generic Paper,1.0,0:04:05,36.0,25.83,29.73622047,1070.50393692,10,19.73622047,509.7865747400999,0.02,0.06,0.14,0.052,0.292,0.146,0.078,0.788,0.2225608064,Roll-up banner,Not Laminated,Single Print Job,0.5237882298622533,1
1,Laks Side Door Decals 6 14 24 + Gershman Comm VIP Pet Westport Flex 11-6-24_HPW30_LAMI.eps,6385346.0,3M™ IJ180Cv3,1.0,0:06:02,30.0,28.46,50.38897638,1511.6692914,30,20.38897638,580.2702677748,0.173,0.213,0.233,0.055,0.257,0.161,0.033,1.125,0.2791972467,High Performance White,Laminated,Multi Print Job,0.6161394088799705,1
2,Wright Construction 2024 Ford Pick up logo 11 4 24_HPW36.eps,6836442.0,3M™ IJ180Cv3,1.0,0:21:59,36.0,33.53,94.20826772,3391.4976379199998,10,84.20826772,2823.5032166516,0.506,1.979,1.819,0.19,2.048,0.792,1.108,8.442,0.4305773399,High Performance White,Not Laminated,Single Print Job,0.1674759890491182,0
3,Wright Construction 2024 Ford Pick up logo 11 4 24_HPW36.eps,6745606.0,3M™ IJ180Cv3,1.0,0:15:00,36.0,35.51,64.66259843,2327.85354348,10,54.66259843,1941.0688702493,0.509,1.473,1.57,0.188,1.923,0.792,1.058,7.513,0.5572995782,High Performance White,Not Laminated,Single Print Job,0.16615507204653446,0
4,Hard Hat Decals 11-4-24_INT30.eps,9289094.0,Generic Vinyl II HD,1.0,0:07:02,30.0,26.74,23.97244094,719.1732281999999,10,13.97244094,373.6230707356,0.165,0.178,0.252,0.845,0.481,0.31,0.3,2.531,0.9756380643,Intermediate White,Not Laminated,Single Print Job,0.4804825095189771,1
5,50 percent size_4x20 BANNER  2nd Chance RV Sign NEW PHONE  10-29-24_BAN63.eps,7020610.0,Generic Banner II,1.0,1:05:58,63.0,50.02,495.0,31185.0,10,485.0,24259.7,1.582,9.537,14.02,8.508,14.301,7.199,5.354,60.501,1.436263039,Banner,Not Laminated,Single Print Job,0.22207150873817538,0
6,36x36 Were Camping Sign  NEW PHONE  10-29-24_BAN38.eps,7295182.0,Generic Banner II,1.0,0:07:56,38.0,34.0,48.01377953,1824.52362214,10,38.01377953,1292.46850402,0.277,0.359,0.703,0.996,0.917,1.221,0.616,5.089,0.5669960107,Banner,Not Laminated,Single Print Job,0.29161317050855606,1
7,3x4 banner need 2  NEW PHONE  10-29-24_BAN38.eps,6760834.0,Generic Banner II,2.0,0:20:58,38.0,34.5,110.0267717,4181.0173245999995,10,100.0267717,3450.92362365,0.42,2.245,3.315,2.346,3.778,2.139,1.63,15.873,0.6623478959,Banner,Not Laminated,Single Print Job,0.17462106570434932,0
8,True Title Hampton Temp Banner_BAN38.eps,6760358.0,Generic Banner II,1.0,0:20:59,38.0,32.01,114.4862205,4350.476379,10,104.4862205,3344.603918205,0.96,0.454,0.503,0.043,1.138,0.478,0.546,4.122,0.1774493896,Banner,Not Laminated,Single Print Job,0.2312097281232014,0
9,A & A Donuts_Reverse Side_logo print_TW24.eps,6365610.0,Generic Vinyl II HD,1.0,0:11:01,24.0,20.49,42.27795276,1014.6708662399999,10,32.27795276,661.3752520523999,0.03,0.427,0.354,0.124,0.32,0.101,0.068,1.424,0.3101080241,Translucent white,Not Laminated,Single Print Job,0.3481874033663592,1
10,A & A Donuts_Front_logo print_TW24_LAMI.eps,6361570.0,Generic Vinyl II HD,1.0,0:12:00,24.0,20.49,62.27795276,1494.67086624,30,32.27795276,661.3752520523999,0.03,0.427,0.354,0.125,0.319,0.101,0.068,1.424,0.3101080241,Translucent white,Laminated,Single Print Job,0.5575111103114239,1
11,A & A Donuts_Reverse Side_logo print_TW24.eps,6365610.0,Generic Vinyl II HD,1.0,0:12:57,24.0,20.49,42.27795276,1014.6708662399999,10,32.27795276,661.3752520523999,0.03,0.427,0.354,0.124,0.32,0.101,0.068,1.424,0.3101080241,Translucent white,Not Laminated,Single Print Job,0.3481874033663592,1
12,Generations Door Magnet 16x20 Need 1  11-12-24_MAG24_LAMI.eps,3926206.0,Generic Vinyl II HD,1.0,0:05:00,24.0,20.0,46.0,1104.0,30,16.0,320.0,0.246,0.378,0.302,0.198,0.782,0.485,0.783,3.174,1.4283,Magnets,Laminated,Single Print Job,0.7101449275362319,1
13,CPROS 12x24 MAG 11-11-24_MAG24_LAMI.eps,6155062.0,Generic Vinyl II HD,1.0,0:07:00,24.0,22.03,52.37283465,1256.9480316,30,22.37283465,492.8735473395001,0.043,2.178,1.685,0.261,0.565,0.102,0.093,4.927,1.439652472,Magnets,Laminated,Single Print Job,0.6078807278037508,1
14,3x8 Banner 30 OFF 10-28-24_BAN38_FLL.eps,6241570.0,Generic Banner II,1.0,0:20:00,38.0,38.0,108.48622047,4122.47637786,10,98.48622047,3742.4763778600004,0.796,4.677,3.924,4.301,3.124,3.067,2.664,22.553,0.9888638934,Banner,Not Laminated,Single Print Job,0.09217760519885854,0
15,Rollup Banner 11-12-24_RUB36.eps,7462134.0,Generic Paper,1.0,0:18:00,36.0,31.51,98.73622047,3554.5039369200003,10,88.73622047,2796.0783070097004,0.194,0.321,0.138,0.799,0.35,0.293,0.24,2.335,0.1202397204,Roll-up banner,Not Laminated,Single Print Job,0.21337031646882365,0
16,48x72  BLUSKY Growth Sign 11-11-24_HPW54_LAMI.eps,8203206.0,3M™ IJ180Cv3,1.0,0:25:00,54.0,49.22,103.69448819,5599.50236226,30,73.69448819,3627.2427087118,0.239,0.22,0.172,0.055,0.771,0.515,0.209,2.181,0.08658117547,High Performance White,Laminated,Single Print Job,0.3522205235309842,1
17,Tin Print 11-12-24_HPW54.eps,12665478.0,3M™ IJ180Cv3,1.0,0:44:00,54.0,46.75,167.1944882,9028.5023628,10,157.1944882,7348.84232335,0.395,1.296,1.004,0.878,1.891,1.052,1.652,8.168,0.1600513317,High Performance White,Not Laminated,Single Print Job,0.18603971865485436,0
18,Band Craft Fair Date Decals 2024 NEW   11-11-24 + KUMC Decal December 7th_INT30.eps,6762042.0,Generic Vinyl II HD,1.0,0:12:00,30.0,27.25,66.29173227999999,1988.7519683999997,10,56.29173228,1533.94970463,0.064,2.296,1.735,0.313,0.792,0.14,0.811,6.151,0.5774270155,Intermediate White,Not Laminated,Multi Print Job,0.2286872727200362,0
19,#68 Side Case Decal 11-11-24_HPW30.eps,5192274.0,3M™ IJ180Cv3,1.0,0:06:00,30.0,11.94,19.736220472,592.08661416,10,9.736220472,116.25047243567998,0.019,0.069,0.008,0.003,0.036,0.031,0.029,0.195,0.2414646019,High Performance White,Not Laminated,Single Print Job,0.8036596848239749,1
20,#68 Side Case Decal 11-11-24_HPW30.eps,5192274.0,3M™ IJ180Cv3,1.0,0:04:00,30.0,11.94,21.944094489999998,658.3228346999999,10,11.94409449,142.6124882106,0.019,0.068,0.008,0.003,0.036,0.031,0.029,0.194,0.1958203224,High Performance White,Not Laminated,Single Print Job,0.7833699809674853,1
21,American Eagle truck door Mac 204  11 8 24_HPW30_LAMI.eps,14578902.0,3M™ IJ180Cv3,1.0,0:14:00,30.0,25.76,71.69448819,2150.8346457000002,30,41.69448819,1074.0500157744002,0.085,0.431,0.293,0.076,0.42,0.214,0.321,1.84,0.2466562327,High Performance White,Laminated,Single Print Job,0.5006357099920877,1
22,Banner_BAN38.pdf,90170308.0,Generic Banner II,1.0,0:25:00,38.0,122.0,131.7661417,5007.113384599999,10,121.7661417,14855.469287400001,12.16,2.556,4.427,1.942,8.259,7.495,4.854,41.693,0.4041469093,Banner,Not Laminated,Single Print Job,-1.9668729558012101,0
23,Banner_BAN38.pdf,90170308.0,Generic Banner II,1.0,0:35:00,38.0,122.0,131.7661417,5007.113384599999,10,121.7661417,14855.469287400001,12.16,2.556,4.427,1.942,8.259,7.495,4.854,41.693,0.4041469093,Banner,Not Laminated,Single Print Job,-1.9668729558012101,0
24,FERROUS METALS RUSH   11-8-24_INT54.eps,5675310.0,Generic Vinyl II,1.0,0:04:00,54.0,49.22,25.56929134,1380.74173236,10,15.56929134,766.3205197548,0.226,0.218,0.009,1.169,0.649,0.421,0.435,3.127,0.5875730325,Intermediate White,Not Laminated,Single Print Job,0.4449935843939584,1
25,SOLD  BURST Need 4  11-7-24 + Knights Trivia Banner Date Change NEW  11-5-24_INT30.eps,4265130.0,Generic Vinyl II HD,1.0,0:05:00,30.0,27.33,23.277952759999998,698.3385827999999,10,13.27795276,362.8864489308,0.019,0.487,0.483,0.069,0.172,0.038,0.033,1.301,0.5162026649,Intermediate White,Not Laminated,Multi Print Job,0.48035743997445934,1
26,St Dominic HOFF Heating decal 11 20 24 + Bommarito PC 360 lc Loader 10 2 23_HPW54_LAMI.eps,5755322.0,3M™ IJ180Cv3,1.0,0:36:00,54.0,47.89,189.7917323,10248.7535442,30,159.7917323,7652.426059847,1.681,8.585,7.336,7.337,6.085,2.426,1.628,35.078,0.6601019675,High Performance White,Laminated,Multi Print Job,0.25333104881054735,1
27,Bommarito PC 360 lc Loader 10 2 23 + Amal QR Code with a face_HPW54_LAMI.eps,9776090.0,3M™ IJ180Cv3,1.0,0:46:00,54.0,51.46,160.4862205,8666.255907,30,130.4862205,6714.82090693,2.191,5.546,4.356,9.541,5.144,3.163,2.17,32.111,0.6886467601,High Performance White,Laminated,Multi Print Job,0.22517624923743218,0
28,2x - PFG Hardhat Sticker Need 150 2-22-24_INT30.eps,351198314.0,Generic Vinyl II HD,1.0,0:07:00,30.0,28.74,33.708267719999995,1011.2480315999999,10,23.70826772,681.3756142727999,0.032,2.32,1.317,0.639,1.107,0.21,1.333,6.958,1.470697645,Intermediate White,Not Laminated,Single Print Job,0.32620327260887205,1
29,2x - PFG Hardhat Sticker Need 150 2-22-24_INT30.eps,351198314.0,Generic Vinyl II HD,2.0,0:12:00,30.0,28.74,57.41653543,1722.4960629000002,10,47.41653543,1362.7512282582,0.063,4.64,2.635,1.278,2.215,0.421,2.666,13.918,1.470909012,Intermediate White,Not Laminated,Single Print Job,0.20885088935189355,0
30,Family Tree_121_BAN63.eps,29667546.0,Generic Banner II,1.0,0:42:00,63.0,50.01,84.01377953,5292.86811039,10,74.01377953,3701.4291142952993,0.002,0.213,1.015,0.071,1.338,0.253,0.364,3.256,0.1266615012,Banner,Not Laminated,Single Print Job,0.30067611036267383,1
31,A blessing for a New Home_THP30.eps,28444074.0,Generic Paper,1.0,0:12:00,30.0,27.53,30.98582677,929.5748030999999,10,20.98582677,577.7398109781,0.033,0.02,0.0,0.191,0.026,0.027,0.0,0.297,0.07403296699,Thick Paper/ Heavy Paper,Not Laminated,Single Print Job,0.37849024193489356,1
32,Blood Drive_BAN38.eps,7082722.0,Generic Banner II,1.0,0:18:00,38.0,32.01,54.01377953,2052.52362214,10,44.01377953,1408.8810827553,0.061,1.113,0.99,0.605,1.097,0.597,0.749,5.212,0.5326492082,Banner,Not Laminated,Single Print Job,0.31358593511027466,1
33,Blood Drive_BAN38.eps,7082722.0,Generic Banner II,1.0,0:19:00,38.0,32.01,54.01377953,2052.52362214,10,44.01377953,1408.8810827553,0.061,1.113,0.99,0.605,1.097,0.597,0.749,5.212,0.5326492082,Banner,Not Laminated,Single Print Job,0.31358593511027466,1
34,redo_Axes Physical Therapy Emerson Building Inserts 11 5 24_RUB36.eps,1959870.0,Generic Paper,1.0,0:03:00,36.0,33.0,13.430708661,483.505511796,10,3.430708661,113.213385813,0.029,0.049,0.037,0.077,0.1,0.077,0.098,0.467,0.5939933649,Roll-up banner,Not Laminated,Single Print Job,0.7658488206422622,1
35,Friendship Vill Versa at Home 7 23 24_HPW36_LAMI.eps,6374206.0,3M™ IJ180Cv3,1.0,0:08:00,36.0,31.6,61.93070866,2229.50551176,30,31.93070866,1009.010393656,0.022,0.799,0.464,0.003,0.347,0.082,0.141,1.858,0.2651892107,High Performance White,Laminated,Single Print Job,0.5474286166444708,1
36,Sybergs Hours 11 14 24_HPW36_LAMI.eps,6570110.0,3M™ IJ180Cv3,1.0,0:04:00,36.0,27.75,49.541732280000005,1783.5023620800002,30,19.54173228,542.28307077,0.015,0.14,0.132,0.004,0.201,0.095,0.025,0.612,0.1625152159,High Performance White,Laminated,Single Print Job,0.6959448541814292,1
37,Sybergs Hours 11 14 24_HPW36_LAMI.eps,6570110.0,3M™ IJ180Cv3,1.0,0:06:00,36.0,27.75,49.541732280000005,1783.5023620800002,30,19.54173228,542.28307077,0.015,0.14,0.132,0.004,0.201,0.095,0.025,0.612,0.1625152159,High Performance White,Laminated,Single Print Job,0.6959448541814292,1
38,Momentum oops late signs 11 14 24_p2_BAN63.eps,9030894.0,Generic Banner II,1.0,0:21:00,63.0,44.01,96.01377953,6048.86811039,10,86.01377953,3785.4664371152994,0.887,1.497,3.184,0.432,3.91,2.533,2.402,14.845,0.5646586675,Banner,Not Laminated,Single Print Job,0.3741859852072007,1
39,Momentum oops late signs 11 14 24_BAN63.eps,187728742.0,Generic Banner II,1.0,0:22:00,63.0,44.01,96.48622047,6078.63188961,10,86.48622047,3806.2585628847,1.414,2.345,1.515,0.332,5.197,4.772,3.042,18.617,0.7042658157,Banner,Not Laminated,Single Print Job,0.37382973142515685,1
40,Momentum oops late signs 11 14 24_MAG24_FLL_LAMI.eps,5724858.0,Generic Vinyl II HD,1.0,0:06:00,24.0,24.0,48.01377953,1152.33070872,30,18.01377953,432.33070872,0.071,0.241,0.043,0.021,0.198,0.137,0.13,0.841,0.3010268269,Magnets,Laminated,Single Print Job,0.6248206305286877,1
41,P1_MC-IRH-SSM-MissionNight2024-Posters-PRINT_INT30_LAMI.eps,483055178.0,Generic Vinyl II HD,1.0,0:49:00,30.0,25.24,176.4582677,5293.748031,30,146.4582677,3696.6066767479997,2.698,4.426,1.71,1.97,1.384,1.616,1.688,15.492,0.6035851548,Intermediate White,Laminated,Single Print Job,0.30170331963274366,1
42,P2_MC-IRH-SSM-MissionNight2024-Posters-PRINT_INT30_LAMI.eps,814953566.0,Generic Vinyl II HD,1.0,0:54:00,30.0,25.24,176.4582677,5293.748031,30,146.4582677,3696.6066767479997,2.365,4.023,1.749,2.23,1.323,1.449,1.453,14.592,0.5685201768,Intermediate White,Laminated,Single Print Job,0.30170331963274366,1
43,RCV Decal correction  11-4-24_INT54.eps,5866166.0,Generic Vinyl II HD,1.0,0:57:00,54.0,47.86,191.7779528,10356.0094512,10,181.7779528,8699.892821008001,4.1,4.384,0.262,21.05,11.502,7.419,7.215,55.932,0.9257626398,Intermediate White,Not Laminated,Single Print Job,0.15991841625831038,0
44,Eclipse Logo Final NEED 2  2-6-24_HPW36_LAMI.eps,5727078.0,3M™ IJ180Cv3,1.0,0:06:00,36.0,28.44,45.44448819,1636.00157484,30,15.44448819,439.2412441236,0.051,0.936,0.62,0.001,0.658,0.214,0.113,2.593,0.8499617369,High Performance White,Laminated,Single Print Job,0.7315153904014075,1
45,TP Logo Face 36 in 11-25-24_HPW36_LAMI.eps,5680866.0,3M™ IJ180Cv3,1.0,0:10:00,36.0,35.22,65.69448819,2365.00157484,30,35.69448819,1257.1598740518,0.274,0.439,0.03,0.003,0.114,0.143,0.058,1.061,0.1215240183,High Performance White,Laminated,Single Print Job,0.4684316968639436,1
46,Bommarito PC138 us ic r Loader 10 2 23_HPW36_LAMI.eps,6040914.0,3M™ IJ180Cv3,1.0,0:13:00,36.0,35.11,75.70826772000001,2725.49763792,30,45.70826772,1604.8172796492001,0.5,1.338,1.039,2.182,1.192,0.722,0.498,7.471,0.6703521013,High Performance White,Laminated,Single Print Job,0.41118375693257336,1
47,Nexus Door Vinyl_11.20.24_FIXED2_HPW60_LAMI.eps,5762494.0,3M™ IJ180Cv3,1.0,0:10:00,60.0,25.82,76.30551181,4578.3307085999995,30,46.30551181,1195.6083149342,0.011,0.013,0.026,0.003,0.046,0.032,0.004,0.135,0.0162599518,High Performance White,Laminated,Single Print Job,0.7388549689762793,1
48,St.Albans_Auto of Europe_11.20.24_FIXED2_HPW60_LAMI.eps,6223522.0,3M™ IJ180Cv3,1.0,0:09:00,60.0,55.97,49.94448819,2996.6692914,30,19.94448819,1116.2930039943,0.407,0.354,0.354,1.202,0.863,0.634,0.266,4.08,0.5262941797,High Performance White,Laminated,Single Print Job,0.6274887565344975,1
49,St.Albans_Auto of Europe_11.20.24_HPW60_LAMI.eps,6887898.0,3M™ IJ180Cv3,1.0,0:15:00,60.0,55.97,68.19448819,4091.6692914,30,38.19448819,2137.7455039943,0.815,0.707,0.708,2.404,1.726,1.268,0.532,8.16,0.5496430793,High Performance White,Laminated,Single Print Job,0.4775370755189132,1
50,Smoke House Pre Paid Signs  11-18-2020_BAN38.eps,6382602.0,Generic Banner II,1.0,0:15:00,38.0,36.0,72.0,2736.0,10,62.0,2232.0,3.872,4.97,0.218,2.066,6.693,6.434,6.609,30.862,1.991096774,Banner,Not Laminated,Single Print Job,0.1842105263157895,0
51,Smoke House Pre Paid Signs  11-18-2020_BAN38.eps,6382602.0,Generic Banner II,1.0,0:18:00,38.0,36.0,72.0,2736.0,10,62.0,2232.0,3.872,4.97,0.218,2.066,6.693,6.434,6.609,30.862,1.991096774,Banner,Not Laminated,Single Print Job,0.1842105263157895,0
52,Check Before You Step Decals need 75_INT54.eps,31705106.0,Generic Vinyl II HD,1.0,0:15:00,54.0,51.74,49.84724409,2691.7511808599997,10,39.84724409,2061.6964092166,0.239,0.393,6.897,1.059,1.285,0.617,1.006,11.496,0.8030074291,Intermediate White,Not Laminated,Single Print Job,0.2340687267543432,0
53,Altech  Martin Marietta Lawnwood_Label 11 20 24_HPW60.eps,8816378.0,3M™ IJ180Cv3,1.0,0:10:00,60.0,30.49,40.48582677,2429.1496062,10,30.48582677,929.5128582172999,0.006,0.014,0.011,0.019,0.027,0.015,0.024,0.116,0.01797316355,High Performance White,Not Laminated,Single Print Job,0.6173505098883687,1
54,JDS Masonry JLG  Equip decals 11 20 + Mo Amer Water Hazard Symbol 11 19_HPW60_LAMI.eps,9156090.0,3M™ IJ180Cv3,1.0,0:44:00,60.0,58.1,152.6110236,9156.661416,30,122.6110236,7123.70047116,0.585,7.556,4.753,2.632,4.236,1.462,2.51,23.734,0.4797901451,High Performance White,Laminated,Multi Print Job,0.22201988830641728,0
55,34X110 Moving Banner 12-11-24_Back_BAN38.eps,6111986.0,Generic Banner II,1.0,0:22:00,38.0,36.01,122.4862205,4654.476379,10,112.4862205,4050.628800205,0.432,5.249,4.34,2.426,3.128,2.346,2.152,20.073,0.7135209849,Banner,Not Laminated,Single Print Job,0.12973480357950262,0
56,Caplaco Thai Touch_HPW24_LAMI.eps,5649886.0,3M™ IJ180Cv3,1.0,0:09:00,24.0,21.47,67.81929134,1627.6629921600002,30,37.81929134,811.9801850698,0.082,0.486,0.388,0.519,0.436,0.212,0.332,2.455,0.4353385714,High Performance White,Laminated,Single Print Job,0.5011374043761623,1
57,34X110 Moving Banner 12-11-24_BAN38.eps,6093982.0,Generic Banner II,1.0,0:25:00,38.0,36.01,122.4862205,4654.476379,10,112.4862205,4050.628800205,0.437,5.25,4.341,2.429,3.132,2.367,2.154,20.11,0.7148361982,Banner,Not Laminated,Single Print Job,0.12973480357950262,0
58,Mabry Tree Logo Final 12 12 24+Gershman Comm Cedars West Port Flex1 12 11 24_HPW30_LAMI.eps,17201470.0,3M™ IJ180Cv3,1.0,0:07:00,30.0,27.99,49.19448819,1475.8346457,30,19.19448819,537.2537244381,0.327,0.069,0.602,0.138,0.451,0.412,0.551,2.55,0.6835778701,High Performance White,Laminated,Multi Print Job,0.6359661795422371,1
59,temp banner_BAN63.eps,6457962.0,Generic Banner II,1.0,0:28:00,63.0,45.39,118.1385827,7442.7307101,10,108.1385827,4908.410268753,0.24,4.987,7.504,2.384,6.637,1.665,3.154,26.571,0.7795484221,Banner,Not Laminated,Single Print Job,0.340509490408924,1
60,Central_5_12.11.24_INT30.eps,74929186.0,Generic Vinyl II HD,1.0,0:13:00,30.0,26.24,74.58346457,2237.5039371000003,10,64.58346457,1694.6701103168,0.572,0.345,0.193,0.146,0.858,0.655,0.831,3.6,0.3059489022,Intermediate White,Not Laminated,Single Print Job,0.24260686999584014,0
61,Central_4_12.11.24_INT30.eps,77248738.0,Generic Vinyl II HD,1.0,0:15:00,30.0,26.24,74.58346457,2237.5039371000003,10,64.58346457,1694.6701103168,0.567,0.342,0.191,0.145,0.85,0.65,0.823,3.568,0.3032293564,Intermediate White,Not Laminated,Single Print Job,0.24260686999584014,0
62,Central_3_12.11.24_INT30.eps,77030018.0,Generic Vinyl II HD,1.0,0:13:00,30.0,26.24,74.58346457,2237.5039371000003,10,64.58346457,1694.6701103168,0.568,0.343,0.192,0.145,0.852,0.651,0.825,3.576,0.3039092429,Intermediate White,Not Laminated,Single Print Job,0.24260686999584014,0
63,Central_2_12.11.24_INT30.eps,76930602.0,Generic Vinyl II HD,1.0,0:12:00,30.0,26.24,74.58346457,2237.5039371000003,10,64.58346457,1694.6701103168,0.568,0.343,0.192,0.145,0.852,0.651,0.825,3.576,0.3039092429,Intermediate White,Not Laminated,Single Print Job,0.24260686999584014,0
64,Central_1_12.11.24_INT30.eps,77057202.0,Generic Vinyl II HD,1.0,0:16:00,30.0,26.24,74.58346457,2237.5039371000003,10,64.58346457,1694.6701103168,0.568,0.343,0.192,0.145,0.853,0.652,0.826,3.579,0.3041642003,Intermediate White,Not Laminated,Single Print Job,0.24260686999584014,0
65,West_2_12.11.24_INT30.eps,77508182.0,Generic Vinyl II HD,1.0,0:13:00,30.0,26.24,74.58346457,2237.5039371000003,10,64.58346457,1694.6701103168,0.567,0.343,0.192,0.145,0.854,0.652,0.825,3.578,0.3040792145,Intermediate White,Not Laminated,Single Print Job,0.24260686999584014,0
66,West_3_12.11.24_INT30.eps,78167778.0,Generic Vinyl II HD,1.0,0:14:00,30.0,26.24,74.58346457,2237.5039371000003,10,64.58346457,1694.6701103168,0.567,0.343,0.192,0.145,0.854,0.652,0.825,3.578,0.3040792145,Intermediate White,Not Laminated,Single Print Job,0.24260686999584014,0
67,West_2_12.11.24_INT30.eps,77508182.0,Generic Vinyl II HD,1.0,0:15:00,30.0,26.24,74.58346457,2237.5039371000003,10,64.58346457,1694.6701103168,0.567,0.343,0.192,0.145,0.854,0.652,0.825,3.578,0.3040792145,Intermediate White,Not Laminated,Single Print Job,0.24260686999584014,0
68,West_1_12.11.24_INT30.eps,77615242.0,Generic Vinyl II HD,1.0,0:15:00,30.0,26.24,74.58346457,2237.5039371000003,10,64.58346457,1694.6701103168,0.568,0.343,0.192,0.145,0.855,0.653,0.826,3.582,0.3044191577,Intermediate White,Not Laminated,Single Print Job,0.24260686999584014,0
69,East_3_12.11.24_INT30.eps,69945246.0,Generic Vinyl II HD,1.0,0:13:00,30.0,26.24,74.58346457,2237.5039371000003,10,64.58346457,1694.6701103168,0.569,0.344,0.193,0.146,0.856,0.654,0.828,3.59,0.3050990441,Intermediate White,Not Laminated,Single Print Job,0.24260686999584014,0
70,East_2_12.11.24_INT30.eps,76911358.0,Generic Vinyl II HD,1.0,0:15:00,30.0,26.24,74.58346457,2237.5039371000003,10,64.58346457,1694.6701103168,0.569,0.344,0.193,0.146,0.856,0.654,0.828,3.59,0.3050990441,Intermediate White,Not Laminated,Single Print Job,0.24260686999584014,0
71,East_1_12.11.24_INT30.eps,76638490.0,Generic Vinyl II HD,1.0,0:15:00,30.0,26.24,74.58346457,2237.5039371000003,10,64.58346457,1694.6701103168,0.57,0.344,0.193,0.146,0.857,0.655,0.829,3.594,0.3054389874,Intermediate White,Not Laminated,Single Print Job,0.24260686999584014,0
72,St. RA banner 3x6 8th grade Boys Volleyball 12-9-24_BAN38.eps,16187110.0,Generic Banner II,1.0,0:15:00,38.0,37.0,84.0,3192.0,10,74.0,2738.0,1.291,0.794,6.695,7.03,5.402,5.125,4.176,30.513,1.604774288,Banner,Not Laminated,Single Print Job,0.1422305764411027,0
73,4x20 banner The Future Clement Super Center 12-11-24_BAN63.eps,9637790.0,Generic Banner II,1.0,1:05:00,63.0,50.01,252.4862205,15906.6318915,10,242.4862205,12126.735887204999,0.579,13.6,11.662,5.064,8.213,4.826,5.666,49.61,0.5890538237,Banner,Not Laminated,Single Print Job,0.23763019287036224,0
74,Cottleville_225th_Decal_HPW24_LAMI.eps,3684818.0,3M™ IJ180Cv3,1.0,0:05:00,24.0,19.72,38.888976378,933.3354330720001,30,8.888976378,175.29061417416,0.037,0.134,0.136,0.011,0.138,0.065,0.097,0.618,0.50762993,High Performance White,Laminated,Single Print Job,0.8121890501925929,1
75,Cottleville_225th_Decal_HPW24_LAMI.eps,3684818.0,3M™ IJ180Cv3,1.0,0:07:00,24.0,19.72,38.888976378,933.3354330720001,30,8.888976378,175.29061417416,0.037,0.134,0.136,0.011,0.138,0.065,0.097,0.618,0.50762993,High Performance White,Laminated,Single Print Job,0.8121890501925929,1
76,2024 Boys Soccer champ banner 12-9-24_BAN38_FLL.eps,6856158.0,Generic Banner II,1.0,0:16:00,38.0,38.0,84.12480315,3196.7425197000002,10,74.12480315,2816.7425197000002,0.657,8.767,6.462,3.545,3.724,2.571,2.792,28.518,1.497325703,Banner,Not Laminated,Single Print Job,0.11887100623783153,0
77,v2_50 yard drivign range sign_HPC54.eps,6489074.0,Generic Vinyl II HD,1.0,0:10:00,54.0,32.93,42.93031496,2318.23700784,10,32.93031496,1084.3952716328,0.174,1.083,0.77,0.707,0.643,0.313,0.417,4.107,0.545375251,High Performance Clear,Not Laminated,Single Print Job,0.5322327838070461,1
78,AAA Plumbing Side and Rear Perfs FINAL 12-10-24_PERF54.eps,5996190.0,Generic Vinyl II HD,1.0,0:21:00,54.0,48.72,69.48622047,3752.2559053800005,10,59.48622047,2898.1686612984,0.226,0.813,0.624,1.158,0.821,0.42,0.405,4.467,0.2219404895,Perforated,Not Laminated,Single Print Job,0.22761966817268686,0
79,Stuckey and CO 180 12-9-24_RUB36.eps,1559714.0,Generic Paper,1.0,0:03:00,36.0,25.06,14.472440944999999,521.0078740199999,10,4.472440945,112.07937008169999,0.007,0.021,0.037,0.018,0.081,0.044,0.017,0.225,0.2891326368,Roll-up banner,Not Laminated,Single Print Job,0.7848797001532503,1
80,50 yard drivign range sign_HPC54.eps,6526730.0,Generic Vinyl II HD,1.0,0:10:00,54.0,32.93,42.93031496,2318.23700784,10,32.93031496,1084.3952716328,0.182,1.094,0.823,0.707,0.801,0.388,0.43,4.425,0.5876029914,High Performance Clear,Not Laminated,Single Print Job,0.5322327838070461,1
81,hp clear print reverse backed with white_HPC54.eps,6432194.0,Generic Vinyl II HD,1.0,0:17:00,54.0,34.25,44.25,2389.5,10,34.25,1173.0625,0.083,0.029,0.093,0.001,0.216,0.169,0.07,0.661,0.08114145666,High Performance Clear,Not Laminated,Single Print Job,0.5090761665620422,1
82,5x7 Sponsor Healthy Mind Counseling 11-25-24_BAN63.eps,5791174.0,Generic Banner II,1.0,0:25:00,63.0,62.01,96.48622047,6078.63188961,10,86.48622047,5363.0105313447,0.162,0.166,0.583,0.039,1.219,1.345,0.676,4.19,0.1124971178,Banner,Not Laminated,Single Print Job,0.11772737208984263,0
83,5x7 Sponsor Crave Cookie 11-25-24_BAN63.eps,43067674.0,Generic Banner II,1.0,0:24:00,63.0,62.0,96.47244094,6077.76377922,10,86.47244094,5361.29133828,1.487,3.156,7.725,12.856,13.885,10.101,13.376,62.586,1.681009934,Banner,Not Laminated,Single Print Job,0.11788421975030261,0
84,5x7 Sponsor Baner Chris Rosenthal FINAL 12-2-24_BAN63.eps,12770206.0,Generic Banner II,1.0,0:30:00,63.0,62.01,96.48622047,6078.63188961,10,86.48622047,5363.0105313447,0.951,2.437,0.456,0.591,2.476,2.191,2.266,11.368,0.3052189104,Banner,Not Laminated,Single Print Job,0.11772737208984263,0
85,Midwest Gas Ford Pick Up 12 3 24_HPW36_LAMI.eps,6590630.0,3M™ IJ180Cv3,1.0,0:16:00,36.0,33.46,97.51377953,3510.4960630799997,30,67.51377953,2259.0110630738,0.369,2.087,0.953,0.093,1.172,0.623,0.858,6.155,0.3923689898,High Performance White,Laminated,Single Print Job,0.3564980497110103,1
86,Alamo banner_BAN63.eps,5647878.0,Generic Banner II,1.0,0:07:00,63.0,54.25,36.0,2268.0,10,26.0,1410.5,4.916,1.011,1.757,0.0,3.806,2.599,0.622,14.711,1.501878322,Banner,Not Laminated,Single Print Job,0.37808641975308643,1
87,Brook 40th 2x3 Sign Final 12-4-24_BAN38_FLL.eps,111206978.0,Generic Banner II,1.0,0:06:00,38.0,38.0,36.01377953,1368.52362214,10,26.01377953,988.52362214,0.13,0.505,1.816,0.358,1.84,1.315,1.371,7.335,1.127863791,Banner,Not Laminated,Single Print Job,0.27767149492515375,1
88,P2_SVDP Price Change NEW Add Ons 12-4-24_INT30.eps,3751802.0,Generic Vinyl II HD,1.0,0:05:00,30.0,24.86,20.68070866,620.4212598,10,10.68070866,265.52241728760004,0.139,0.346,0.317,0.014,0.31,0.14,0.182,1.448,0.7852572934,Intermediate White,Not Laminated,Single Print Job,0.572028822201879,1
89,SVDP Price Change NEW Add Ons 12-4-24_INT30.eps,6088370.0,Generic Vinyl II HD,1.0,0:06:00,30.0,24.94,29.54173228,886.2519684,10,19.54173228,487.37080306320007,0.139,0.49,0.607,0.017,0.509,0.162,0.255,2.179,0.6437080201,Intermediate White,Not Laminated,Single Print Job,0.4500764788787125,1
90,SSM Blue Pantone 281 v2_12.04.24_DN48.eps,6405122.0,Generic Vinyl II HD,1.0,0:30:00,48.0,45.75,136.0047244,6528.226771199999,10,126.0047244,5764.7161413,11.103,18.859,0.0,4.386,13.272,11.896,16.232,75.748,1.892150755,Day Night,Not Laminated,Single Print Job,0.11695528612276629,0
91,2x8 banner final 12-4-24_BAN38.eps,6956114.0,Generic Banner II,1.0,0:20:00,38.0,26.0,108.47204724,4121.9377951199995,10,98.47204724,2560.2732282399998,0.495,0.244,0.028,0.119,0.542,0.468,0.503,2.399,0.134929349,Banner,Not Laminated,Single Print Job,0.37886660219105417,1
92,Year of the Dragon_BAN38_FLL.eps,21561166.0,Generic Banner II,1.0,0:12:00,38.0,38.0,36.5,1387.0,10,26.5,1007.0,0.031,0.944,0.917,0.307,1.053,0.422,0.766,4.44,0.6772470391,Banner,Not Laminated,Single Print Job,0.273972602739726,1
93,WCCU 9534 Manchester_Print Logo_TW30_LAMI.eps,6666030.0,Generic Vinyl II HD,1.0,0:26:00,30.0,24.07,97.55551181,2926.6653542999998,30,67.55551181,1626.0611692667,1.269,0.655,0.635,0.011,0.623,0.421,0.268,3.882,0.3437905469,Translucent white,Laminated,Single Print Job,0.44439798459444246,1
94,Eclipse Logo Final NEED 2 12-3-24_HPW36_LAMI.eps,5727450.0,3M™ IJ180Cv3,1.0,0:08:00,36.0,28.44,45.44448819,1636.00157484,30,15.44448819,439.2412441236,0.051,0.936,0.62,0.001,0.658,0.214,0.113,2.593,0.8499617369,High Performance White,Laminated,Single Print Job,0.7315153904014075,1
95,Vetta The Flood Team 11 20 24_HTV54_LAMI.eps,147369050.0,Generic Vinyl II HD,1.0,0:54:00,54.0,43.24,199.7082677,10784.2464558,30,169.7082677,7338.185495348,14.989,16.65,0.37,3.044,14.948,12.816,14.753,77.57,1.522332485,High Tack Vinyl,Laminated,Single Print Job,0.31954582775680485,1
96,p2_Miracle-Ear Door_HPW54_LAMI.eps,5871134.0,3M™ IJ180Cv3,1.0,0:05:00,54.0,49.85,39.486220472,2132.255905488,30,9.486220472,472.8880905292,0.724,0.001,0.238,0.001,0.187,0.469,0.081,1.701,0.5180072872,High Performance White,Laminated,Single Print Job,0.7782216996974516,1
97,Berthhold Circle sign 11 6 24_HPW54_LAMI.eps,48503702.0,3M™ IJ180Cv3,1.0,0:16:00,54.0,48.56,78.37519685000001,4232.260629900001,30,48.37519685,2349.0995590360003,0.265,3.057,4.011,0.622,4.106,1.058,1.733,14.852,0.9105130005,High Performance White,Laminated,Single Print Job,0.4449539467299999,1
98,Harlan Chevy Suburban contracting Masonry 12.2.24_2 set of 2_HPW54_LAMI.eps,8037702.0,3M™ IJ180Cv3,2.0,0:29:00,54.0,49.99,132.1850394,7137.9921276,30,102.1850394,5108.230119606,0.567,1.594,1.186,1.926,2.911,1.575,2.206,11.965,0.3373191511,High Performance White,Laminated,Single Print Job,0.2843603595674551,1
99,Kali_05_INT54_v3-01.jpg,2229875.0,Generic Vinyl II HD,1.0,0:04:00,54.0,51.47,14.088976378,760.804724412,10,4.088976378,210.45961417566,0.001,0.025,0.026,0.002,0.016,0.005,0.006,0.081,0.05541808338,Intermediate White,Not Laminated,Single Print Job,0.7233723616289094,1
100,Kali_05_INT54_v3.jpg,10297542.0,Generic Vinyl II HD,1.0,0:04:00,54.0,51.47,13.945669291,753.066141714,10,3.945669291,203.08359840777,0.006,0.186,0.191,0.014,0.113,0.032,0.046,0.588,0.4169056,Intermediate White,Not Laminated,Single Print Job,0.7303243537871109,1
101,Kali_04_INT54.jpg,217497252.0,Generic Vinyl II HD,1.0,0:15:00,54.0,51.47,63.44566929,3426.06614166,10,53.44566929,2750.8485983563,0.131,4.284,4.395,0.312,2.598,0.74,1.044,13.504,0.7068560732,Intermediate White,Not Laminated,Single Print Job,0.19708245999493257,0
102,Kali_03_INT54.jpg,216858631.0,Generic Vinyl II HD,1.0,0:16:00,54.0,51.47,63.44566929,3426.06614166,10,53.44566929,2750.8485983563,0.131,4.29,4.4,0.312,2.599,0.74,1.044,13.516,0.7074842036,Intermediate White,Not Laminated,Single Print Job,0.19708245999493257,0
103,Kali_02_INT54.jpg,218907249.0,Generic Vinyl II HD,1.0,0:13:00,54.0,51.47,63.44566929,3426.06614166,10,53.44566929,2750.8485983563,0.131,4.25,4.367,0.312,2.591,0.74,1.043,13.434,0.7031919792,Intermediate White,Not Laminated,Single Print Job,0.19708245999493257,0
104,Kali_01_INT54.jpg,218363492.0,Generic Vinyl II HD,1.0,0:21:00,54.0,51.47,63.44566929,3426.06614166,10,53.44566929,2750.8485983563,0.131,4.256,4.372,0.312,2.592,0.74,1.043,13.446,0.7038201096,Intermediate White,Not Laminated,Single Print Job,0.19708245999493257,0
105,Miracle-Ear Door_HPW60_LAMI.eps,6859878.0,3M™ IJ180Cv3,1.0,0:10:00,60.0,57.85,55.88897638,3353.3385828,30,25.88897638,1497.677283583,0.723,0.001,0.238,0.001,0.187,0.469,0.081,1.7,0.1634620031,High Performance White,Laminated,Single Print Job,0.5533772547559286,1
106,Enterprise Excuse Dust_HPW60.eps,7105962.0,3M™ IJ180Cv3,1.0,0:25:00,60.0,57.49,78.20826772,4692.496063199999,10,68.20826772,3921.2933112227997,0.749,0.595,1.267,0.115,1.621,1.134,1.148,6.629,0.2434516427,High Performance White,Not Laminated,Single Print Job,0.16434808715668603,0
107,Coughing Cardinal 9am to 9pm hours 11 25 24_HPW30_LAMI.eps,6547542.0,3M™ IJ180Cv3,1.0,0:07:00,30.0,26.5,51.47244094,1544.1732282,30,21.47244094,569.0196849099999,0.0,0.949,0.607,0.0,0.267,0.0,0.006,1.829,0.4628660833,High Performance White,Laminated,Single Print Job,0.6315052776991281,1
108,St Dominic HOFF Heating decal 11 20 24_HPW24.eps,5456838.0,3M™ IJ180Cv3,2.0,0:40:00,24.0,25.24,230.0740157,5521.7763767999995,10,220.0740157,5554.668156268,0.836,10.82,9.669,3.646,6.251,1.204,0.761,33.187,0.8604867387,High Performance White,Not Laminated,Single Print Job,-0.005956738778157833,0
109,MediEquip Damaged 2022 Nissan Side Final 12 22 24 + door hours update 12 19 24_HPW36_LAMI.eps,114062402.0,3M™ IJ180Cv3,1.0,0:25:00,36.0,32.37,117.38858268,4225.98897648,30,87.38858268,2828.7684213516,4.516,5.996,0.663,0.666,3.659,3.141,3.922,22.563,1.148411422,High Performance White,Laminated,Multi Print Job,0.33062569800932196,1
110,2003-2502_Shorehaven_v2_INT30.eps,818917446.0,Generic Vinyl II HD,1.0,0:32:00,30.0,27.12,174.9165354,5247.496061999999,10,164.9165354,4472.536440047999,4.196,5.431,0.904,1.125,5.843,4.693,4.86,27.052,0.8708253704,Intermediate White,Not Laminated,Single Print Job,0.1476817920005521,0
111,1503-2002_Shorehaven_v2_INT30.eps,819248114.0,Generic Vinyl II HD,1.0,0:28:00,30.0,27.12,174.9165354,5247.496061999999,10,164.9165354,4472.536440047999,4.198,5.433,0.905,1.126,5.847,4.696,4.865,27.07,0.8714048047,Intermediate White,Not Laminated,Single Print Job,0.1476817920005521,0
112,1002-1502_Shorehaven_v2_INT30.eps,820792246.0,Generic Vinyl II HD,1.0,0:38:00,30.0,27.12,174.9165354,5247.496061999999,10,164.9165354,4472.536440047999,4.208,5.446,0.907,1.127,5.862,4.708,4.878,27.136,0.8735293971,Intermediate White,Not Laminated,Single Print Job,0.1476817920005521,0
113,Pali Grill banner_BAN38_FLL.eps,6287294.0,Generic Banner II,1.0,0:13:00,38.0,38.0,84.01377953,3192.5236221399996,10,74.01377953,2812.5236221399996,0.052,5.184,4.213,0.617,1.766,0.528,0.987,13.347,0.8684050788,Banner,Not Laminated,Single Print Job,0.11902809343828125,0
114,501-1001_Shorehaven_v2_INT30.eps,821479558.0,Generic Vinyl II HD,1.0,0:37:00,30.0,27.12,174.9165354,5247.496061999999,10,164.9165354,4472.536440047999,4.203,5.44,0.906,1.125,5.852,4.701,4.868,27.095,0.8722095746,Intermediate White,Not Laminated,Single Print Job,0.1476817920005521,0
115,1-500_Shorehaven_v2_INT30.eps,815718194.0,Generic Vinyl II HD,1.0,0:40:00,30.0,27.12,174.9165354,5247.496061999999,10,164.9165354,4472.536440047999,4.19,5.422,0.904,1.123,5.836,4.687,4.853,27.015,0.869634311,Intermediate White,Not Laminated,Single Print Job,0.1476817920005521,0
116,Number Decals 1-10 12-19-24_RFVW48.eps,7029930.0,Generic Vinyl I HD,1.0,0:30:00,48.0,37.99,174.3334646,8368.0063008,10,164.3334646,6243.0283201540005,3.321,4.586,23.376,9.848,6.39,1.902,0.873,50.296,1.160241364,Reflective White Vinyl,Not Laminated,Single Print Job,0.2539407720621394,1
117,Xmas 25 posters.eps,47083430.0,PMP3 : Premium Matte Paper (PCM),1.0,0:26:00,,71.07,81.06929134,,10,71.06929134,5050.8945355338,0.548,3.932,4.61,0.251,0.717,0.858,0.321,11.237,0.3203678326,,Not Laminated,Single Print Job,,0
118,driving range signs_HPC54_LAMI.eps,6668462.0,Generic Vinyl II HD,1.0,0:36:00,54.0,32.93,168.2224409,9084.0118086,30,138.2224409,4551.6649788370005,0.674,4.316,3.075,2.734,2.511,1.211,1.614,16.135,0.5104544793,High Performance Clear,Laminated,Single Print Job,0.4989366950703591,1
119,Godzilla.eps,77753186.0,Generic Vinyl II HD,1.0,0:08:00,,22.35,18.861023621999998,,10,8.861023622,198.0438779517,0.065,0.121,0.108,0.182,0.127,0.124,0.085,0.812,0.5904978294,,Not Laminated,Single Print Job,,0
120,Final Bar Light Decal  RUSH   12-19-24_CUSTORD_LAMI.eps,10124290.0,Generic Backlit,1.0,0:17:00,0.0,28.12,42.63858268,0.0,30,12.63858268,355.3969449616,0.079,0.454,1.117,0.373,0.674,0.257,0.224,3.178,1.28744451,Custom Ordered,Laminated,Single Print Job,-inf,0
121,xmas mags_MAG24.eps,374854230.0,Generic Vinyl II HD,1.0,0:09:00,24.0,20.69,28.95826772,694.99842528,10,18.95826772,392.2465591268,0.104,0.401,0.526,0.314,0.255,0.218,0.215,2.033,0.7461992208,Magnets,Not Laminated,Single Print Job,0.4356151829138717,1
122,Wright Const Bidens America Rescue Plan 4x8 12 9 24_INT54_LAMI.eps,5460670.0,Generic Vinyl II HD,1.0,0:33:00,54.0,49.22,127.69448819,6895.50236226,30,97.69448819,4808.5227087118,15.521,25.385,0.086,0.002,5.104,8.459,0.136,54.693,1.637813713,Intermediate White,Laminated,Single Print Job,0.30265810145617766,1
123,Missing_East_12.11.24_INT30.eps,18825850.0,Generic Vinyl II HD,1.0,0:05:00,30.0,26.24,24.26377953,727.9133859,10,14.26377953,374.2815748672,0.114,0.069,0.039,0.03,0.172,0.131,0.166,0.721,0.2774395585,Intermediate White,Not Laminated,Single Print Job,0.48581578232081246,1
124,P2_All Clings WINTER PART-2   25 total need 6 of each - 150  12-16-24_EDC54.eps,419640254.0,Generic Vinyl II HD,4.0,0:22:00,54.0,47.01,85.9507874,4641.3425196,10,75.9507874,3570.446515674,0.48,2.039,3.4,2.0,4.304,1.652,2.675,16.55,0.6674258806,Ez Dot (Clear),Not Laminated,Single Print Job,0.23072979410670424,0
125,Name Plate Golf Cart Decals 12-12-24_EDC54.eps,7606990.0,Generic Vinyl II HD,1.0,0:08:00,54.0,42.72,32.94448819,1779.0023622600002,10,22.94448819,980.1885354768,0.257,1.095,0.654,0.037,0.39,0.237,0.277,2.947,0.4329245333,Ez Dot (Clear),Not Laminated,Single Print Job,0.449023477275436,1
126,Stack Avondale PHX Hardhat Sticker 0601-1001 1-7-25_INT30.eps,716062158.0,Generic Vinyl II HD,1.0,0:39:00,30.0,27.12,174.9165354,5247.496061999999,10,164.9165354,4472.536440047999,5.872,4.611,0.298,0.46,5.773,4.724,3.898,25.636,0.8252432055,Intermediate White,Not Laminated,Single Print Job,0.1476817920005521,0
127,Honey Nail Temp Banner_BAN38.eps,45201162.0,Generic Banner II,1.0,0:23:00,38.0,32.0,126.4720472,4805.9377936,10,116.4720472,3727.1055104,2.703,1.347,3.285,14.596,8.285,10.519,8.515,49.25,1.902817073,Banner,Not Laminated,Single Print Job,0.22447903604509112,0
128,5x7 State Farm Willet WHITE 1-2-25_BAN63.eps,8570758.0,Generic Banner II,1.0,0:24:00,63.0,62.01,96.48622047,6078.63188961,10,86.48622047,5363.0105313447,0.125,2.419,2.94,0.569,4.224,1.828,1.932,14.037,0.376878769,Banner,Not Laminated,Single Print Job,0.11772737208984263,0
129,5x7 State Farm Willet RED  1-2-25_BAN63.eps,8735098.0,Generic Banner II,1.0,0:24:00,63.0,62.0,96.47244094,6077.76377922,10,86.47244094,5361.29133828,0.075,20.165,19.486,0.179,9.272,1.463,1.583,52.223,1.402668037,Banner,Not Laminated,Single Print Job,0.11788421975030261,0
130,5x7 Sponsor GO PLAY 1-2-25_BAN63.eps,10912630.0,Generic Banner II,1.0,0:23:00,63.0,62.01,96.48622047,6078.63188961,10,86.48622047,5363.0105313447,0.321,3.372,5.159,0.0,3.033,2.228,0.383,14.496,0.3892024389,Banner,Not Laminated,Single Print Job,0.11772737208984263,0
131,5x7 Diamond Family 1-2-25_BAN63.eps,14305690.0,Generic Banner II,1.0,0:25:00,63.0,62.01,96.48622047,6078.63188961,10,86.48622047,5363.0105313447,0.056,0.21,0.365,0.242,0.999,0.688,0.804,3.364,0.09031988165,Banner,Not Laminated,Single Print Job,0.11772737208984263,0
132,Apex Gkass Logo1 7 25_HPW36_LAMI.eps,6093958.0,3M™ IJ180Cv3,1.0,0:09:00,36.0,32.68,51.63897638,1859.0031496800002,30,21.63897638,707.1617480983999,0.364,0.32,0.028,0.001,0.654,0.476,0.119,1.962,0.399520022,High Performance White,Laminated,Single Print Job,0.6196016406856937,1
133,P5_Truck_1_BSH Truck Wrap_R2P_HPW36_LAMI.eps,6015938.0,3M™ IJ180Cv3,1.0,0:21:00,36.0,34.96,124.70826772,4489.49763792,30,94.70826772,3311.0010394912,1.671,2.746,1.121,9.867,8.123,4.61,7.964,36.102,1.570203557,High Performance White,Laminated,Single Print Job,0.26250077257525883,1
134,P5_Truck_2_BSH Truck Wrap_R2P_HPW36_LAMI.eps,18176434.0,3M™ IJ180Cv3,1.0,0:21:00,36.0,34.99,124.70826772,4489.49763792,30,94.70826772,3313.8422875228002,1.586,2.609,1.209,9.103,7.975,4.478,7.365,34.325,1.491739547,High Performance White,Laminated,Single Print Job,0.2618679071055008,1
135,P2_12x18 Auth Park Signs 12-31-24_HPW30.eps,6847274.0,3M™ IJ180Cv3,1.0,0:09:00,30.0,25.47,35.472047239999995,1064.1614172,10,25.47204724,648.7730432028,0.528,0.175,0.263,2.303,0.937,0.761,0.481,5.448,1.209126913,High Performance White,Not Laminated,Single Print Job,0.39034338896646104,1
136,Truck Front_P1_R2P_HPW54_LAMI.eps,5873698.0,3M™ IJ180Cv3,2.0,0:45:00,54.0,42.35,219.796063,11868.987402,30,189.796063,8037.86326805,3.934,6.464,2.64,23.228,19.122,10.851,18.746,84.985,1.522637273,High Performance White,Laminated,Single Print Job,0.3227844132098776,1
137,P2_Truck_2_BSH Truck Wrap_R2P_HPW54_LAMI.eps,10295978.0,3M™ IJ180Cv3,2.0,2:02:00,54.0,52.22,220.0464567,11882.5086618,30,190.0464567,9924.225968874,5.237,10.503,5.941,24.043,24.164,13.881,24.091,107.86,1.564981608,High Performance White,Laminated,Single Print Job,0.16480380941959727,0
138,P1_Truck_2_BSH Truck Wrap_R2P_HPW54_LAMI.eps,10183158.0,3M™ IJ180Cv3,2.0,0:48:00,54.0,51.35,219.796063,11868.987402,30,189.796063,9746.027835050001,5.023,8.556,3.784,28.522,24.259,13.781,23.76,107.685,1.591170417,High Performance White,Laminated,Single Print Job,0.17886610669013492,0
139,P4_Truck_2_BSH Truck Wrap_R2P_HPW54_LAMI.eps,35130234.0,3M™ IJ180Cv3,2.0,0:52:00,54.0,52.22,220.0464567,11882.5086618,30,190.0464567,9924.225968874,4.136,7.437,5.297,18.005,21.875,12.156,16.513,85.419,1.239376636,High Performance White,Laminated,Single Print Job,0.16480380941959727,0
140,P3_Truck_2_BSH Truck Wrap_R2P_HPW54_LAMI.eps,21394206.0,3M™ IJ180Cv3,2.0,0:55:00,54.0,52.22,220.0464567,11882.5086618,30,190.0464567,9924.225968874,4.638,7.991,4.431,23.943,23.433,13.166,20.414,98.016,1.422151282,High Performance White,Laminated,Single Print Job,0.16480380941959727,0
141,P2_Truck_2_BSH Truck Wrap_R2P_HPW54_LAMI.eps,10295978.0,3M™ IJ180Cv3,2.0,0:49:00,54.0,52.22,220.0464567,11882.5086618,30,190.0464567,9924.225968874,5.237,10.503,5.941,24.043,24.164,13.881,24.091,107.86,1.564981608,High Performance White,Laminated,Single Print Job,0.16480380941959727,0
142,P1_Truck_2_BSH Truck Wrap_R2P_HPW54_LAMI.eps,10183158.0,3M™ IJ180Cv3,2.0,0:51:00,54.0,51.35,219.796063,11868.987402,30,189.796063,9746.027835050001,5.023,8.556,3.784,28.522,24.259,13.781,23.76,107.685,1.591170417,High Performance White,Laminated,Single Print Job,0.17886610669013492,0
143,P4_Truck_1_BSH Truck Wrap_R2P_HPW54_LAMI.eps,30060042.0,3M™ IJ180Cv3,2.0,0:49:00,54.0,52.22,220.0464567,11882.5086618,30,190.0464567,9924.225968874,4.393,8.898,6.616,16.765,22.358,12.507,17.45,88.987,1.2911461,High Performance White,Laminated,Single Print Job,0.16480380941959727,0
144,P3_Truck_1_BSH Truck Wrap_R2P_HPW54_LAMI.eps,18095418.0,3M™ IJ180Cv3,2.0,0:48:00,54.0,52.22,220.0464567,11882.5086618,30,190.0464567,9924.225968874,4.748,8.24,4.441,25.069,23.997,13.435,21.286,101.216,1.468581294,High Performance White,Laminated,Single Print Job,0.16480380941959727,0
145,P2_Truck_1_BSH Truck Wrap_R2P_HPW54_LAMI.eps,10070934.0,3M™ IJ180Cv3,2.0,0:49:00,54.0,52.22,220.0464567,11882.5086618,30,190.0464567,9924.225968874,5.229,10.471,5.91,24.073,24.136,13.864,24.063,107.746,1.563327538,High Performance White,Laminated,Single Print Job,0.16480380941959727,0
146,P1_Truck_1_BSH Truck Wrap_R2P_HPW54_LAMI.eps,9978226.0,3M™ IJ180Cv3,2.0,1:04:00,54.0,51.47,220.0464567,11882.5086618,30,190.0464567,9781.691126349,5.032,8.571,3.79,28.575,24.303,13.806,23.802,107.879,1.588064674,High Performance White,Laminated,Single Print Job,0.1767991587672667,0
147,EDITABLE  WWT - Compactor MAGS 12-30-24_MAG24_LAMI.eps,6816194.0,Generic Vinyl II HD,1.0,0:23:00,24.0,18.01,156.4862205,3755.669292,30,126.4862205,2278.016831205,1.934,1.705,0.084,0.028,1.971,1.575,0.735,8.032,0.5076193085,Magnets,Laminated,Single Print Job,0.39344584038391417,1
148,A&A Donuts_Coming soon_01.02.25.eps,6006702.0,Generic Banner II,1.0,0:29:00,,44.01,114.0,,10,104.0,4577.04,0.026,9.547,7.119,0.316,2.425,0.341,1.649,21.423,0.6739392914,,Not Laminated,Single Print Job,,0
149,12x18 Auth Park Signs 12-31-24_HPW30_LAMI.eps,6905726.0,3M™ IJ180Cv3,2.0,0:36:00,30.0,25.47,215.5464567,6466.393701,30,185.5464567,4725.868252149,2.642,0.874,1.314,11.516,4.682,3.805,2.407,27.24,0.8299521963,High Performance White,Laminated,Single Print Job,0.2691647816899604,1
150,Logo with Red Bold Line NEW FINAL 12-30-24_HPW54_LAMI.eps,21651094.0,3M™ IJ180Cv3,1.0,0:10:00,54.0,41.93,66.02795276,3565.50944904,30,36.02795276,1510.6520592268,0.124,1.278,0.812,0.154,0.821,0.341,0.6,4.13,0.3936813439,High Performance White,Laminated,Single Print Job,0.5763152276504169,1
151,CRS van oval logo with phone number need 4_HPW54_LAMI.eps,6740666.0,3M™ IJ180Cv3,1.0,0:22:00,54.0,48.08,110.43070866,5963.25826764,30,80.43070866,3867.1084723727995,1.794,3.529,2.501,6.422,7.416,4.215,7.058,32.935,1.226326373,High Performance White,Laminated,Single Print Job,0.3515108186143958,1
152,Number 2 Decals 1-10 12-19-24_RFVW48.eps,5924622.0,Generic Vinyl II HD,1.0,0:11:00,48.0,44.61,38.583464570000004,1852.0062993600002,10,28.58346457,1275.1083544677,0.328,0.682,3.399,1.683,2.368,0.594,0.595,9.649,1.089651804,Reflective White Vinyl,Not Laminated,Single Print Job,0.31149891071734437,1
153,P1_All Clings WINTER PART-2   25 total need 6 of each - 150  12-16-24_EDC54.eps,969014342.0,Generic Vinyl II HD,1.0,0:16:00,54.0,47.01,51.76377953,2795.24409462,10,41.76377953,1963.3152757052999,0.255,1.201,1.995,1.067,2.475,0.922,1.503,9.418,0.6907107534,Ez Dot (Clear),Not Laminated,Single Print Job,0.2976229591240034,1
154,TB Realty Door Directory 3 NEW Ones  12-23-24_RUB36.eps,4437238.0,Generic Paper,1.0,0:06:00,36.0,23.75,24.05551181,865.9984251599999,10,14.05551181,333.8184054875,0.056,0.155,0.272,0.172,0.26,0.201,0.2,1.316,0.5676858941,Roll-up banner,Not Laminated,Single Print Job,0.6145276991400712,1
155,UES USDOT decal 12 23 24_HPW54_LAMI.eps,7251038.0,3M™ IJ180Cv3,1.0,0:14:00,54.0,50.24,65.70826772000001,3548.2464568800006,30,35.70826772,1793.9833702528001,0.639,0.759,0.198,0.018,1.182,0.858,0.472,4.126,0.3312145291,High Performance White,Laminated,Single Print Job,0.4944028291004726,1
156,SVDP Decal overlay for existing 4x4 sign 12-5-24_HPW54_LAMI.eps,6977858.0,3M™ IJ180Cv3,1.0,0:20:00,54.0,52.13,107.70826772,5816.24645688,30,77.70826772,4050.9319962435998,0.392,6.377,10.611,2.319,9.467,2.052,3.483,34.701,1.23352947,High Performance White,Laminated,Single Print Job,0.30351438401449116,1
157,CRS van oval logo with phone number need 4_HPW54_LAMI.eps,6740666.0,3M™ IJ180Cv3,1.0,0:29:00,54.0,48.08,110.43070866,5963.25826764,30,80.43070866,3867.1084723727995,1.794,3.529,2.501,6.422,7.416,4.215,7.058,32.935,1.226326373,High Performance White,Laminated,Single Print Job,0.3515108186143958,1
158,FINAL   --    Cal or bust Sign 15x20  12-24-24_HTV54.eps,41898254.0,Generic Vinyl II HD,1.0,0:06:00,54.0,21.24,26.70826772,1442.2464568799999,10,16.70826772,354.88360637279993,0.001,0.329,1.069,0.125,0.658,0.068,0.625,2.875,1.166808923,High Tack Vinyl,Not Laminated,Single Print Job,0.7539369192554533,1
159,SafetyCommitteeSticker HOLLYWOOD PRINT 50 12-24-24_INT54.eps,11878590.0,Generic Vinyl II HD,1.0,0:06:00,54.0,50.22,19.263779528,1040.244094512,10,9.263779528,465.22700789616005,0.071,0.207,0.634,0.198,0.323,0.211,0.284,1.928,0.5967424031,Intermediate White,Not Laminated,Single Print Job,0.5527713059362209,1
160,Arch Kidney - Jeff Kelly Homes - 48x19 sign  12-23-24_TW60.eps,7732326.0,Generic Vinyl II HD,1.0,0:27:00,60.0,49.24,88.45826772,5307.496063199999,10,78.45826772,3863.2851025328,0.795,1.638,1.441,1.796,3.685,2.097,3.654,15.106,0.5631084214,Translucent white,Not Laminated,Single Print Job,0.2721077780312954,1
161,Kolping Kicks 4'x8'  LOGO BANNER Need 1   12-23-24_BAN64.eps,7170402.0,Generic Banner II,1.0,0:28:00,,50.01,108.48622047,,10,98.48622047,4925.2958857047,0.356,0.894,2.91,1.921,2.812,1.371,1.117,11.381,0.3327191278,,Not Laminated,Single Print Job,,0
162,EL MAGUEY_back_Print logo_TW60.eps,13492914.0,Generic Vinyl II HD,1.0,0:13:00,60.0,37.24,47.23582677,2834.1496062,10,37.23582677,1386.6621889148003,0.308,2.185,2.931,0.11,0.886,0.599,0.411,7.43,0.7716658898,Translucent white,Not Laminated,Single Print Job,0.5107307723342018,1
163,EL MAGUEY_front_Print logo_TW60_LAMI.eps,13492094.0,Generic Vinyl II HD,1.0,0:12:00,60.0,37.24,67.70826772000001,4062.4960632000007,30,37.70826772,1404.2558898928,0.307,2.185,2.931,0.111,0.886,0.599,0.411,7.43,0.7619978095,Translucent white,Laminated,Single Print Job,0.6543366767507273,1
164,Mercy - Coming Soon Banner 33x192  Final NEW  1-27-25_BAN38.eps,5900954.0,Generic Banner II,1.0,0:38:00,38.0,35.01,204.4862205,7770.476379,10,194.4862205,6808.962579704999,0.475,5.23,5.692,0.0,2.014,0.802,0.036,14.249,0.3013138185,Banner,Not Laminated,Single Print Job,0.12373936325107782,0
165,Geo Tech  UES USDOT decal  2 27 25_HPW30_LAMI.eps,6918094.0,3M™ IJ180Cv3,1.0,0:24:00,30.0,26.56,141.8192913,4254.5787390000005,30,111.8192913,2969.9203769279998,1.078,1.28,0.334,0.034,1.994,1.448,0.796,6.964,0.3377146051,High Performance White,Laminated,Single Print Job,0.3019472528022711,1
166,Truck Rear Doors  1-3-25_Production_HPW54_LAMI.eps,238210038.0,3M™ IJ180Cv3,1.0,0:18:00,54.0,49.24,88.58346456999999,4783.50708678,30,58.58346457,2884.6497954267998,0.102,0.425,0.837,0.604,0.852,0.272,0.553,3.645,0.181971652,High Performance White,Laminated,Single Print Job,0.3969592303105395,1
167,P3_NTT Hard Hat Sticker PH4 - Need 1000 1-24-25_INT54.eps,56202650.0,Generic Vinyl II HD,1.0,0:02:00,54.0,28.86,17.319291339,935.241732306,10,7.319291339,211.23474804354,0.072,0.117,0.078,0.136,0.25,0.149,0.228,1.03,0.7021323001,Intermediate White,Not Laminated,Single Print Job,0.7741388768840498,1
168,Arc Flash Awareness Trained Sticker LYH10  Need 500  1-23-25_INT54.eps,24723418.0,Generic Vinyl II HD,1.0,0:10:00,54.0,52.11,43.20826772,2333.24645688,10,33.20826772,1730.4828308892002,0.616,0.697,1.926,0.553,0.812,0.697,0.508,5.809,0.4833792938,Intermediate White,Not Laminated,Single Print Job,0.25833688687855594,1
169,P2_NTT Hard Hat Sticker PH4 - Need 1000 1-24-25_INT54.eps,1587877490.0,Generic Vinyl II HD,1.0,0:22:00,54.0,50.85,88.81929134,4796.24173236,10,78.81929134,4007.9609646390004,1.859,2.959,1.926,3.396,6.331,3.777,5.7,25.948,0.9323303006,Intermediate White,Not Laminated,Single Print Job,0.16435384447003776,0
170,P1_NTT Hard Hat Sticker PH4 - Need 1000 1-24-25_INT54.eps,1609771378.0,Generic Vinyl II HD,1.0,0:21:00,54.0,50.85,88.81929134,4796.24173236,10,78.81929134,4007.9609646390004,1.88,2.997,1.953,3.444,6.413,3.825,5.779,26.291,0.9446545372,Intermediate White,Not Laminated,Single Print Job,0.16435384447003776,0
171,Cozad 4x6 555 n. new ballas 2 23 25_INT54_LAMI.eps,6576770.0,Generic Vinyl II HD,1.0,0:26:00,54.0,48.99,103.45826772,5586.74645688,30,73.45826772,3598.7205356028,2.221,2.464,1.087,12.449,6.98,4.347,4.025,33.573,1.3435119,Intermediate White,Laminated,Single Print Job,0.3558468129207786,1
172,Cozad 4x6 450 n new ballas 2 23 25_INT54_LAMI.eps,6621222.0,Generic Vinyl II HD,1.0,0:26:00,54.0,48.99,103.45826772,5586.74645688,30,73.45826772,3598.7205356028,2.263,2.524,1.113,12.705,7.122,4.431,4.105,34.263,1.371124065,Intermediate White,Laminated,Single Print Job,0.3558468129207786,1
173,SOCO SPA_P3_Window perf final_PERF54.eps,62021462.0,Generic Vinyl II HD,1.0,0:22:00,54.0,50.75,92.97244094,5020.51181076,10,82.97244094,4210.851377705,0.977,7.43,4.133,4.335,8.256,3.711,7.299,36.141,1.235926784,Perforated,Not Laminated,Single Print Job,0.1612704966293933,0
174,SOCO SPA_P2_Window perf final_PERF54.eps,17177138.0,Generic Vinyl II HD,1.0,0:29:00,54.0,50.75,92.97244094,5020.51181076,10,82.97244094,4210.851377705,0.113,4.26,8.717,1.239,8.745,1.377,3.548,27.999,0.9574918795,Perforated,Not Laminated,Single Print Job,0.1612704966293933,0
175,SOCO SPA_P1_Window perf final_PERF54.eps,17096602.0,Generic Vinyl II HD,1.0,0:28:00,54.0,50.0,92.97244094,5020.51181076,10,82.97244094,4148.622047,0.068,4.673,9.58,0.751,9.179,1.284,3.527,29.062,1.008751328,Perforated,Not Laminated,Single Print Job,0.1736655139205846,0
176,Bandwidth Jennings Directory insert 2 23 25_RUB36.eps,1624630.0,Generic Paper,1.0,0:00:00,36.0,23.64,13.5,486.0,10,3.5,82.74000000000001,0.0,0.001,0.01,0.0,0.005,0.002,0.003,0.021,0.03655041471,Roll-up banner,Not Laminated,Single Print Job,0.8297530864197531,1
177,New Rollup Banner 1-10-25_RUB36.eps,202657938.0,Generic Banner II,1.0,0:18:00,36.0,31.64,97.72244094,3518.00787384,10,87.72244094,2775.5380313416,1.292,1.921,2.046,0.9,7.04,5.667,3.026,21.892,1.135847964,Roll-up banner,Not Laminated,Single Print Job,0.21104837428574996,0
178,Decals NEW ROOF fire alarm roof  1-20-25_HPW24_LAMI.eps,3438826.0,3M™ IJ180Cv3,1.0,0:04:00,24.0,16.35,44.04173228,1057.00157472,30,14.04173228,229.58232277800002,0.0,0.328,0.19,0.0,0.08,0.002,0.033,0.633,0.3971105504,High Performance White,Laminated,Single Print Job,0.7827985044971987,1
179,Meyer  Common Cents  F150 Logos 2 23 25_HPW24_LAMI.eps,6612346.0,3M™ IJ180Cv3,2.0,0:15:00,24.0,20.39,104.96299213,2519.1118111200003,30,74.96299213,1528.4954095307,0.987,0.423,0.046,0.003,0.737,0.648,0.114,2.958,0.2786934181,High Performance White,Laminated,Single Print Job,0.393240346544551,1
180,Best Love additional perfs_PERF54.eps,14358530.0,Generic Vinyl II HD,1.0,0:23:00,54.0,39.0,99.47244094,5371.51181076,10,89.47244094,3489.42519666,1.914,2.628,2.276,6.162,7.549,4.215,5.539,30.283,1.249717583,Perforated,Not Laminated,Single Print Job,0.3503830356157607,1
181,P2_Best Love additional perfs_PERF54.eps,20320366.0,Generic Vinyl II HD,1.0,0:27:00,54.0,35.0,99.22244094,5358.01181076,10,89.22244094,3122.7854329,1.755,1.843,1.508,5.896,6.147,3.612,4.371,25.132,1.15890383,Perforated,Not Laminated,Single Print Job,0.4171745895317366,1
182,P2_Frontenac Square New Monu sign Vinyl 1 21 25_HPW60_LAMI.eps,3793994.0,3M™ IJ180Cv3,2.0,0:08:00,60.0,18.44,43.79173228,2627.5039368,30,13.79173228,254.3195432432,0.533,1.221,0.113,0.028,0.91,0.742,0.487,4.034,2.283611541,High Performance White,Laminated,Single Print Job,0.9032086918381815,1
183,Frontenac Square New Monu sign Vinyl 1 21 25_HPW60.eps,6308478.0,3M™ IJ180Cv3,2.0,1:29:00,60.0,58.5,289.8519685,17391.11811,10,279.8519685,16371.34015725,10.768,30.068,5.458,0.558,19.729,15.018,10.173,91.772,0.807213574,High Performance White,Not Laminated,Single Print Job,0.05863786021691264,0
184,Gateways Adolescent Building 300 Decals 2.5''  Need 300 1-22-25_INT30.eps,21897494.0,Generic Vinyl II HD,1.0,0:21:00,30.0,25.97,105.19448819,3155.8346457000002,10,95.19448819,2472.2008582943,0.577,2.222,2.151,0.604,3.109,1.587,2.605,12.855,0.748715089,Intermediate White,Not Laminated,Single Print Job,0.2166253508678565,0
185,4x18 Banner Enrolling  1-21-25_BAN63.eps,6272070.0,Generic Banner II,1.0,1:01:00,63.0,50.01,228.4862205,14394.6318915,10,218.4862205,10926.495887205,0.991,9.041,6.748,0.0,3.772,1.801,0.445,22.798,0.3004315332,Banner,Not Laminated,Single Print Job,0.24093259420846513,0
186,Contech Chevy 2500 Sierra 2 21 25_HPW60_LAMI.eps,8138014.0,3M™ IJ180Cv3,1.0,0:43:00,60.0,58.25,154.9307087,9295.842521999999,30,124.9307087,7277.213781775,0.731,2.403,1.466,2.444,3.296,1.858,3.268,15.466,0.3060380068,High Performance White,Laminated,Single Print Job,0.2171539304207889,0
187,P16_Awareness Training Stickers_250 up_1-20-25_INT30.eps,165490962.0,Generic Vinyl II HD,1.0,0:10:00,30.0,26.11,54.08346457,1622.5039370999998,10,44.08346457,1151.0192599226998,0.362,0.23,0.181,0.064,0.49,0.425,0.18,1.932,0.2416962975,Intermediate White,Not Laminated,Single Print Job,0.29059077540361056,1
188,P15_Awareness Training Stickers_250 up_1-20-25_INT30.eps,174965806.0,Generic Vinyl II HD,1.0,0:10:00,30.0,26.11,54.08346457,1622.5039370999998,10,44.08346457,1151.0192599226998,0.376,0.237,0.192,0.068,0.508,0.442,0.188,2.011,0.2515793242,Intermediate White,Not Laminated,Single Print Job,0.29059077540361056,1
189,P14_Awareness Training Stickers_250 up_1-20-25_INT30.eps,174990378.0,Generic Vinyl II HD,1.0,0:10:00,30.0,26.11,54.08346457,1622.5039370999998,10,44.08346457,1151.0192599226998,0.376,0.237,0.192,0.068,0.508,0.442,0.188,2.011,0.2515793242,Intermediate White,Not Laminated,Single Print Job,0.29059077540361056,1
190,P13_Awareness Training Stickers_250 up_1-20-25_INT30.eps,174818474.0,Generic Vinyl II HD,1.0,0:09:00,30.0,26.11,54.08346457,1622.5039370999998,10,44.08346457,1151.0192599226998,0.376,0.237,0.192,0.068,0.507,0.442,0.188,2.01,0.2514542226,Intermediate White,Not Laminated,Single Print Job,0.29059077540361056,1
191,P12_Awareness Training Stickers_250 up_1-20-25_INT30.eps,175351050.0,Generic Vinyl II HD,1.0,0:12:00,30.0,26.11,54.08346457,1622.5039370999998,10,44.08346457,1151.0192599226998,0.377,0.238,0.192,0.068,0.509,0.443,0.189,2.016,0.2522048322,Intermediate White,Not Laminated,Single Print Job,0.29059077540361056,1
192,P11_Awareness Training Stickers_250 up_1-20-25_INT30.eps,175323094.0,Generic Vinyl II HD,1.0,0:10:00,30.0,26.11,54.08346457,1622.5039370999998,10,44.08346457,1151.0192599226998,0.377,0.238,0.192,0.068,0.509,0.443,0.188,2.015,0.2520797306,Intermediate White,Not Laminated,Single Print Job,0.29059077540361056,1
193,P10_Awareness Training Stickers_250 up_1-20-25_INT30.eps,175343578.0,Generic Vinyl II HD,1.0,0:10:00,30.0,26.11,54.08346457,1622.5039370999998,10,44.08346457,1151.0192599226998,0.377,0.238,0.192,0.068,0.509,0.443,0.188,2.015,0.2520797306,Intermediate White,Not Laminated,Single Print Job,0.29059077540361056,1
194,P9_Awareness Training Stickers_250 up_1-20-25_INT30.eps,175142530.0,Generic Vinyl II HD,1.0,0:09:00,30.0,26.11,54.08346457,1622.5039370999998,10,44.08346457,1151.0192599226998,0.376,0.237,0.192,0.068,0.509,0.443,0.188,2.013,0.2518295274,Intermediate White,Not Laminated,Single Print Job,0.29059077540361056,1
195,P8_Awareness Training Stickers_250 up_1-20-25_INT30.eps,175368010.0,Generic Vinyl II HD,1.0,0:08:00,30.0,26.11,54.08346457,1622.5039370999998,10,44.08346457,1151.0192599226998,0.005,0.567,1.057,0.017,0.549,0.037,0.054,2.286,0.2859822651,Intermediate White,Not Laminated,Single Print Job,0.29059077540361056,1
196,P7_Awareness Training Stickers_250 up_1-20-25_INT30.eps,185485506.0,Generic Vinyl II HD,1.0,0:08:00,30.0,26.11,54.08346457,1622.5039370999998,10,44.08346457,1151.0192599226998,0.005,0.586,1.1,0.018,0.572,0.039,0.057,2.377,0.297366511,Intermediate White,Not Laminated,Single Print Job,0.29059077540361056,1
197,P6_Awareness Training Stickers_250 up_1-20-25_INT30.eps,185508778.0,Generic Vinyl II HD,1.0,0:10:00,30.0,26.11,54.08346457,1622.5039370999998,10,44.08346457,1151.0192599226998,0.005,0.586,1.1,0.018,0.572,0.039,0.057,2.377,0.297366511,Intermediate White,Not Laminated,Single Print Job,0.29059077540361056,1
198,P5_Awareness Training Stickers_250 up_1-20-25_INT30.eps,185325902.0,3M™ IJ180Cv3,1.0,0:10:00,30.0,26.11,54.08346457,1622.5039370999998,10,44.08346457,1151.0192599226998,0.005,0.398,0.78,0.006,0.602,0.044,0.027,1.862,0.2329391853,Intermediate White,Not Laminated,Single Print Job,0.29059077540361056,1
199,P4_Awareness Training Stickers_250 up_1-20-25_INT30.eps,185877586.0,Generic Vinyl II HD,1.0,0:09:00,30.0,26.11,54.08346457,1622.5039370999998,10,44.08346457,1151.0192599226998,0.005,0.588,1.102,0.018,0.573,0.04,0.057,2.383,0.2981171206,Intermediate White,Not Laminated,Single Print Job,0.29059077540361056,1
200,P3_Awareness Training Stickers_250 up_1-20-25_INT30.eps,185846154.0,Generic Vinyl II HD,1.0,0:08:00,30.0,26.11,54.08346457,1622.5039370999998,10,44.08346457,1151.0192599226998,0.005,0.588,1.102,0.018,0.573,0.04,0.057,2.383,0.2981171206,Intermediate White,Not Laminated,Single Print Job,0.29059077540361056,1
201,P2_Awareness Training Stickers_250 up_1-20-25_INT30.eps,185871954.0,Generic Vinyl II HD,1.0,0:08:00,30.0,26.11,54.08346457,1622.5039370999998,10,44.08346457,1151.0192599226998,0.005,0.588,1.102,0.018,0.573,0.04,0.057,2.383,0.2981171206,Intermediate White,Not Laminated,Single Print Job,0.29059077540361056,1
202,P1_Awareness Training Stickers_250 up_1-20-25_INT30.eps,185651034.0,Generic Vinyl II HD,1.0,0:13:00,30.0,26.11,54.08346457,1622.5039370999998,10,44.08346457,1151.0192599226998,0.005,0.587,1.102,0.018,0.573,0.039,0.057,2.381,0.2978669174,Intermediate White,Not Laminated,Single Print Job,0.29059077540361056,1
203,Atech Landvatter_Label 1 20 25_HPW54_LAMI.eps,6880238.0,3M™ IJ180Cv3,1.0,0:08:00,54.0,30.49,60.958267719999995,3291.7464568799996,30,30.95826772,943.9175827827999,0.007,0.002,0.003,0.02,0.01,0.009,0.005,0.056,0.008544288225,High Performance White,Laminated,Single Print Job,0.7132471789223194,1
204,Truck Side saved at half size 1-3-25_Production_HPW54_LAMI.eps,295255754.0,3M™ IJ180Cv3,2.0,0:36:00,54.0,46.79,179.4629921,9691.0015734,30,149.4629921,6993.373400359001,0.271,1.268,2.449,0.693,2.516,0.982,1.707,9.886,0.2035560227,High Performance White,Laminated,Single Print Job,0.278364228156302,1
205,SSM Blue Pantone 281 v2_12.04.24_DN48.eps,6405122.0,Generic Vinyl II HD,2.0,1:11:00,48.0,45.75,259.99921259999996,12479.962204799998,10,249.9992126,11437.463976449999,22.019,37.4,0.0,8.698,26.32,23.593,32.191,150.221,1.891312973,Day Night,Not Laminated,Single Print Job,0.08353376486581321,0
206,Dumpster Magnet_R2P_MAG24.eps,7365138.0,Generic Vinyl II HD,1.0,0:12:00,24.0,22.5,64.48622047,1547.6692912800002,10,54.48622047,1225.939960575,0.038,1.815,1.3,0.185,0.59,0.137,0.482,4.547,0.5340946711,Magnets,Not Laminated,Single Print Job,0.20787989560671183,0
207,2x2 8th Grade Super bowl Squares  1-17-25_BAN63.eps,7023462.0,Generic Banner II,1.0,0:07:00,63.0,48.0,34.472047239999995,2171.7389761199997,10,24.47204724,1174.65826752,0.017,0.169,0.254,0.205,0.623,0.241,0.3,1.809,0.2217650391,Banner,Not Laminated,Single Print Job,0.45911627482109796,1
208,2x2 8th Grade Super bowl Squares  1-17-25_BAN63.eps,7023462.0,Generic Banner II,1.0,0:07:00,63.0,48.0,34.472047239999995,2171.7389761199997,10,24.47204724,1174.65826752,0.017,0.169,0.254,0.205,0.623,0.241,0.3,1.809,0.2217650391,Banner,Not Laminated,Single Print Job,0.45911627482109796,1
209,Banner Decal Overlay 1-17-25_INT30.eps,1915086.0,Generic Vinyl II HD,1.0,0:03:00,30.0,25.24,13.694488189,410.83464567,10,3.694488189,93.24888189036,0.017,0.013,0.003,0.07,0.044,0.03,0.041,0.218,0.3367031393,Intermediate White,Not Laminated,Single Print Job,0.7730257589685815,1
210,p3_QTS ATL2 DC9 2.5'' Decal Need 600 1-15-25_INT30.eps,570299858.0,Generic Vinyl II HD,1.0,0:23:00,30.0,25.99,94.18070866,2825.4212598,10,84.18070866,2187.8566180733997,1.013,2.454,1.353,0.342,2.424,1.409,1.478,10.473,0.6894209542,Intermediate White,Not Laminated,Single Print Job,0.22565294980888295,0
211,New door lettering_p2_1-17-25_HPW36_LAMI.eps,6707930.0,3M™ IJ180Cv3,1.0,0:09:00,36.0,32.53,54.402755909999996,1958.4992127599999,30,24.40275591,793.8216497523,0.108,0.183,0.092,0.217,0.322,0.205,0.288,1.415,0.2567016039,High Performance White,Laminated,Single Print Job,0.5946785964577371,1
212,Hill Aesthetics & New door lettering & BUDGET Decal & Amer Flag 1-17-25_HPW36_LAMI.eps,7853382.0,3M™ IJ180Cv3,1.0,0:21:00,36.0,32.72,111.51338583,4014.4818898800004,30,81.51338583,2667.1179843576,0.607,1.965,1.153,0.572,1.348,0.755,0.955,7.355,0.3970779481,High Performance White,Laminated,Single Print Job,0.3356258522224085,1
213,3x7  banner Need 2 RUSH 1-17-25_BAN38_FLL.eps,20791290.0,Generic Banner II,2.0,0:32:00,38.0,38.0,182.0275591,6917.0472457999995,10,172.0275591,6537.0472457999995,1.905,7.231,3.7,0.319,6.484,4.494,3.224,27.357,0.6361073807,Banner,Not Laminated,Single Print Job,0.05493673622523454,0
214,Wright Construction 2025 signs_INT30_LAMI.eps,6363530.0,Generic Banner II,1.0,0:31:00,30.0,49.28,152.27795279999998,4568.338583999999,30,122.2779528,6025.8575139839995,1.198,2.991,5.195,0.643,5.321,1.991,2.216,19.555,0.4673292523,Intermediate White,Laminated,Single Print Job,-0.31904792151106465,0
215,LOLA 12x23.5 MAGS Need 4  1-16-25_MAG24_LAMI.eps,91473150.0,Generic Banner II,1.0,0:09:00,24.0,23.51,77.30905512,1855.41732288,30,47.30905512,1112.2358858712,0.063,0.423,0.87,0.673,1.375,0.677,0.898,4.979,0.644522232,Magnets,Laminated,Single Print Job,0.40054678149454015,1
216,48x192 banner   NEW 1-13-25_BAN63.eps,6337506.0,Generic Banner II,1.0,0:51:00,63.0,50.01,204.4862205,12882.6318915,10,194.4862205,9726.255887205,5.919,11.742,0.71,5.231,12.881,14.019,7.875,58.377,0.8642228662,Banner,Not Laminated,Single Print Job,0.24501018354623538,0
217,HiTac Black print_HTV54_LAMI.eps,6359498.0,Generic Vinyl II HD,1.0,0:09:00,54.0,52.12,50.916535429999996,2749.49291322,30,20.91653543,1090.1698266116,1.062,0.772,0.19,4.312,2.744,1.865,2.496,13.441,1.775251526,High Tack Vinyl,Laminated,Single Print Job,0.6035014960868276,1
218,HiTac Black print_HTV54_LAMI.eps,6359498.0,Generic Vinyl II HD,1.0,0:09:00,54.0,52.12,50.916535429999996,2749.49291322,30,20.91653543,1090.1698266116,1.062,0.772,0.19,4.312,2.744,1.865,2.496,13.441,1.775251526,High Tack Vinyl,Laminated,Single Print Job,0.6035014960868276,1
219,QTS ATL2 DC9 2.5'' Decal Need 600 1-15-25_INT30.eps,645719690.0,Generic Vinyl II HD,1.0,0:26:00,30.0,25.99,105.23622047,3157.0866141,10,95.23622047,2475.1893700153,1.148,2.781,1.533,0.388,2.747,1.597,1.675,11.869,0.69061806,Intermediate White,Not Laminated,Single Print Job,0.21598940017649482,0
220,Project ACDC Hardhat Sticker Need 250  1-15-25_INT30.eps,28563222.0,Generic Vinyl II HD,1.0,0:13:00,30.0,28.22,58.94448819,1768.3346457,10,48.94448819,1381.2134567218,0.61,1.009,0.518,0.949,1.808,1.059,1.748,7.701,0.8028183849,Intermediate White,Not Laminated,Single Print Job,0.21891851178709276,0
221,Pickup need 2 doors 1-15-24_HPW36_LAMI.eps,6760910.0,3M™ IJ180Cv3,1.0,0:08:00,36.0,34.25,51.125196849999995,1840.5070865999999,30,21.12519685,723.5379921125,0.042,0.13,0.439,0.001,0.376,0.156,0.086,1.23,0.2447970969,High Performance White,Laminated,Single Print Job,0.6068811702055958,1
222,Box Rear Phone Decal 1-14-25_HPW36_LAMI.eps,6294710.0,3M™ IJ180Cv3,1.0,0:21:00,36.0,29.72,125.69448819,4525.00157484,30,95.69448819,2844.0401890068,1.765,1.823,0.008,0.006,1.206,1.068,0.431,6.307,0.3193152637,High Performance White,Laminated,Single Print Job,0.3714830499020627,1
223,door vinyl hour update_HPW24.eps,508374.0,3M™ IJ180Cv3,1.0,0:03:00,24.0,9.12,12.722440944999999,305.33858267999994,10,2.722440945,24.828661418399996,0.001,0.002,0.007,0.005,0.006,0.003,0.005,0.029,0.1681041821,High Performance White,Not Laminated,Single Print Job,0.9186848212876495,1
224,New Rollup Banner 1-10-25_RUB36.eps,202658050.0,Generic Paper,1.0,0:42:00,36.0,31.64,97.72244094,3518.00787384,10,87.72244094,2775.5380313416,1.857,2.361,1.442,1.031,2.453,2.219,1.617,12.98,0.673456357,Roll-up banner,Not Laminated,Single Print Job,0.21104837428574996,0
225,back_3x4 school banner 1-10-25_BAN38_FLL.eps,5821090.0,Generic Banner II,1.0,0:11:00,38.0,38.0,60.48582677,2298.46141726,10,50.48582677,1918.4614172600002,0.0,5.718,5.223,0.001,1.4,0.001,0.05,12.393,1.038395601,Banner,Not Laminated,Single Print Job,0.16532798729899867,0
226,SC Sticker RiverParkBldg4 need 50  1-9-25_INT54.eps,11394530.0,Generic Vinyl II,1.0,0:03:00,54.0,50.5,19.222440945000002,1038.0118110300002,10,9.222440945,465.73326772250005,0.045,0.156,0.472,0.074,0.353,0.174,0.253,1.527,0.4721365844,Intermediate White,Not Laminated,Single Print Job,0.5513218031109286,1
227,3x4 school banner 1-10-25_BAN38_FLL.eps,5817762.0,Generic Banner II,1.0,0:09:00,38.0,38.0,60.48582677,2298.46141726,10,50.48582677,1918.4614172600002,0.0,5.718,5.223,0.001,1.4,0.001,0.05,12.393,1.038395601,Banner,Not Laminated,Single Print Job,0.16532798729899867,0
228,P1_Truck_1_BSH Truck Wrap_R2P_HPW54_LAMI.eps,9978226.0,3M™ IJ180Cv3,2.0,0:49:00,54.0,51.47,220.0464567,11882.5086618,30,190.0464567,9781.691126349,5.032,8.571,3.79,28.575,24.303,13.806,23.802,107.879,1.588064674,High Performance White,Laminated,Single Print Job,0.1767991587672667,0
229,Hayden Galaxy_BAN63.eps,51566038.0,Generic Banner II,1.0,1:08:00,63.0,62.0,120.4862205,7590.6318915,10,110.4862205,6850.145671,3.827,10.792,3.578,19.613,25.49,23.087,23.96,110.347,2.319654029,Banner,Not Laminated,Single Print Job,0.09755264529810714,0
230,Truck Back_P2_R2P_HPW54_LAMI.eps,5701086.0,3M™ IJ180Cv3,2.0,1:03:00,54.0,48.22,220.0464567,11882.5086618,30,190.0464567,9164.040142074,4.833,9.311,5.143,23.191,22.53,12.903,22.357,100.268,1.575503685,High Performance White,Laminated,Single Print Job,0.22877900594050127,0
231,Truck Back_P1_R2P_HPW54_LAMI.eps,6027370.0,3M™ IJ180Cv3,2.0,1:07:00,54.0,51.47,220.0464567,11882.5086618,30,190.0464567,9781.691126349,5.019,8.798,4.16,27.435,24.059,13.688,23.606,106.765,1.571665708,High Performance White,Laminated,Single Print Job,0.1767991587672667,0
232,C82479_MarylandHeights_MO050_Brandbook_1.8.2025_BAN38_FLL.eps,13442786.0,Generic Banner II,1.0,0:15:00,38.0,38.0,68.83307087,2615.65669306,10,58.83307087,2235.65669306,0.062,0.104,0.25,0.205,0.491,0.405,0.371,1.888,0.1283140648,Banner,Not Laminated,Single Print Job,0.145279004315909,0
233,C82479_P2_MarylandHeights_MO050_Brandbook_1.8.2025_BAN38_FLL.eps,21087602.0,Generic Banner II,1.0,0:12:00,38.0,38.0,68.83307087,2615.65669306,10,58.83307087,2235.65669306,0.036,0.084,0.197,0.085,0.24,0.201,0.134,0.977,0.06639981001,Banner,Not Laminated,Single Print Job,0.145279004315909,0
234,2x-Nesux Tenant Panels_HPW30_LAMI.eps,6069266.0,3M™ IJ180Cv3,2.0,0:24:00,30.0,25.49,157.57401570000002,4727.2204710000005,30,127.5740157,3251.861660193,3.203,5.643,2.739,0.433,7.378,5.053,4.766,29.215,1.293920011,High Performance White,Laminated,Single Print Job,0.312098583059085,1
235,Cynergy Inspection 2025 2''x4'' Decals Final Need 25  1-9-25_HPW30_LAMI.eps,7062486.0,3M™ IJ180Cv3,1.0,0:06:00,30.0,26.69,42.597244090000004,1277.9173227,30,12.59724409,336.22044476210004,0.074,0.196,0.128,0.001,0.117,0.042,0.017,0.575,0.2462292253,High Performance White,Laminated,Single Print Job,0.7368996892132824,1
236,ATM - Cover Banner 1-8-25_BAN63.eps,6040294.0,Generic Banner II,1.0,0:21:00,63.0,55.01,87.48622047,5511.63188961,10,77.48622047,4262.5169880547,0.294,0.182,0.992,0.186,0.811,1.196,0.944,4.605,0.1555593666,Banner,Not Laminated,Single Print Job,0.22663249770181704,0
